consequent,antecedent,abs_support,%_support,confidence,lift
"LOW_POP (-0.001, 24.0]","('HIGH_ENER (0.834, 1.0]', 'HIGH_INST (0.377, 1.0]')",1139,7.593333333333334,0.7231746031746031,1.443270229858841
"LOW_POP (-0.001, 24.0]","('HIGH_ENER (0.834, 1.0]', 'HIGH_DURA (265257.667, 4120258.0]')",1297,8.646666666666667,0.701081081081081,1.399177250694015
"LOW_POP (-0.001, 24.0]","('HIGH_ENER (0.834, 1.0]', 'LOW_VALE (-0.001, 0.269]')",1059,7.06,0.7013245033112583,1.3996630587638204
"LOW_POP (-0.001, 24.0]","('HIGH_INST (0.377, 1.0]', 'HIGH_DURA (265257.667, 4120258.0]')",1596,10.639999999999999,0.7461430575035063,1.4891093483970987
"LOW_POP (-0.001, 24.0]","('HIGH_INST (0.377, 1.0]', 'LOW_ACOU (-0.001, 0.0316]')",1495,9.966666666666667,0.7215250965250966,1.4399782394726515
