consequent,antecedent,abs_support,%_support,confidence,lift
"LOW_POP_CONF (-0.001, 0.318]","('HIGH_LIVE (0.204, 0.994]', 'LOW_TEMP (-0.001, 109.759]')",95,4.285069914298602,0.4008438818565401,1.2025316455696202
"LOW_POP_CONF (-0.001, 0.318]","('LOW_TEMP (-0.001, 109.759]', 'LOW_INST (-0.001, 1.27e-05]')",98,4.4203879115922415,0.4049586776859504,1.2148760330578512
