consequent,antecedent,abs_support,%_support,confidence,lift
"HIGH_POP (24.0, 94.0]","('HIGH_ACOU (0.415, 0.996]', 'LOW_INST (-0.001, 1.27e-05]')",1355,9.033333333333333,0.7320367368989735,1.4672035079482366
"HIGH_POP (24.0, 94.0]","('MID_LOUD (-9.214, -5.791]', 'LOW_INST (-0.001, 1.27e-05]')",1328,8.853333333333333,0.7155172413793104,1.4340938830424446
"HIGH_POP (24.0, 94.0]","('HIGH_TEMP (134.984, 220.525]', 'LOW_INST (-0.001, 1.27e-05]')",1303,8.686666666666666,0.7250973845297718,1.4532951320078271
"HIGH_POP (24.0, 94.0]","('LOW_INST (-0.001, 1.27e-05]', 'LOW_ENER (-0.001, 0.562]')",1125,7.5,0.7425742574257426,1.488323605209265
"HIGH_POP (24.0, 94.0]","('LOW_INST (-0.001, 1.27e-05]', 'LOW_SPEE (-0.001, 0.0412]')",1505,10.033333333333333,0.7753735188047398,1.5540623706669023
