consequent,antecedent,abs_support,%_support,confidence,lift
"MID_POP_CONF (0.318, 0.656]","('HIGH_VALE (0.575, 0.995]', 'HIGH_TEMP (134.948, 220.525]')",104,4.691023906179522,0.40310077519379844,1.2093023255813953
